movieId,imdbId,tmdbId
1,114709,862
2,113497,8844
3,113228,15602
4,114885,31357
5,113041,11862
6,113277,949
7,114319,11860
8,112302,45325
9,114576,9091
10,113189,710
11,112346,9087
12,112896,12110
13,112453,21032
14,113987,10858
15,112760,1408
16,112641,524
17,114388,4584
18,113101,5
19,112281,9273
20,113845,11517
21,113161,8012
22,112722,1710
23,112401,9691
24,114168,12665
25,113627,451
26,114057,16420
27,114011,9263
28,114117,17015
29,112682,902
30,115012,37557
31,112792,9909
32,114746,63
33,114952,78802
34,112431,9598
35,112637,47018
36,112818,687
37,112286,139405
38,113442,33689
39,112697,9603
40,112749,34615
41,114279,31174
42,112819,11443
43,114272,35196
44,113855,9312
45,114681,577
46,113347,11861
47,114369,807
48,114148,10530
49,114916,8391
50,114814,629
51,109950,117164
52,113819,11448
53,110299,49133
54,112499,26441
55,113158,97406
56,113541,124057
57,113321,9089
58,110877,11010
59,112714,99040
60,113419,11359
61,116260,17182
62,113862,2054
63,116126,10607
64,118002,19760
65,115683,9536
66,116839,11525
67,114753,40628
68,113149,4482
69,113118,10634
70,116367,755
71,113010,11859
72,113537,28387
73,113828,48750
74,115644,20927
75,115676,36929
76,114367,9102
77,113973,124626
78,112744,27526
79,116731,9623
80,112445,46785
81,114660,400
82,112379,880
83,114039,146599
84,113612,188588
85,112365,8447
86,118158,10534
87,116151,17414
88,115697,13997
89,113972,2086
90,113490,61548
92,117002,9095
93,114825,12158
94,115639,9283
95,115759,9208
96,113403,40154
97,113247,406
98,111173,45549
99,113283,63076
100,115907,11062
101,115734,13685
102,117102,47475
103,118040,2045
104,116483,9614
105,112579,688
106,110251,11907
107,117110,10874
108,112646,89333
109,113276,96357
110,112573,197
111,75314,103
112,113326,33542
113,115645,43566
114,113774,71754
115,112556,43612
116,112373,51352
117,115033,16934
118,116606,10324
119,114536,78406
120,117427,55731
121,106473,32119
122,103859,11066
123,109424,11104
124,114808,37975
125,116324,2074
126,110647,27793
127,111055,44284
128,110217,290157
129,114131,110972
130,112364,32622
131,113107,73067
132,113451,11863
133,114015,55475
134,114500,124636
135,116130,9101
136,113125,123360
137,113756,5757
138,113952,39428
139,114618,124639
140,118055,9302
141,115685,11000
142,94878,
143,113200,249882
144,112585,16388
145,112442,9737
146,112342,30765
147,112461,10474
148,112427,22279
149,109093,30157
150,112384,568
151,114287,11780
152,112288,34996
153,112462,414
154,61395,649
155,112495,1873
156,112541,5894
157,109370,1775
158,112642,8839
159,112688,20649
160,112715,10329
161,112740,8963
162,109508,26564
163,112851,8068
164,112857,8512
165,112864,1572
166,112887,13552
167,113044,259209
168,113071,6520
169,113114,9073
170,113243,10428
171,113464,17447
172,113481,9886
173,113492,9482
174,113500,19326
175,113540,9344
176,113677,9071
177,113690,8973
178,107447,15730
179,113729,47608
180,113749,2293
181,113820,9070
182,113851,68274
183,110604,48787
184,110620,34574
185,113957,1642
186,113986,11472
187,114095,36196
188,114194,11980
189,114241,58372
190,114323,32646
191,114345,10533
192,114435,56088
193,114436,10802
194,114478,10149
195,114496,18402
196,114508,9348
197,114534,139408
198,114558,281
199,58450,5967
200,114666,79593
201,114663,47939
202,114702,36834
203,114682,9090
204,114781,3512
205,114798,52856
206,114805,77350
207,114887,9560
208,114898,9804
209,114928,31611
210,114938,65796
211,109340,49805
212,112602,26258
213,111579,50797
214,110882,19155
215,112471,76
216,112508,11017
217,112438,37141
218,112571,9382
219,112757,6715
220,112643,18256
222,112679,22625
223,109445,2292
224,112883,1909
225,109635,8984
226,112899,61813
227,109676,4954
228,112854,62488
229,109579,10531
230,109642,11929
231,109686,8467
232,111797,10451
233,109759,20156
234,109758,18395
235,109707,522
236,113117,397
237,113097,10525
238,113028,27985
239,113198,15789
240,113303,27303
241,113089,21183
242,109771,10954
243,113199,47867
244,113234,43475
245,109906,72031
246,110057,14275
247,110005,1024
248,110066,17207
249,110116,13701
250,110006,14819
251,113360,32631
252,110099,11777
253,110148,628
254,113463,87729
255,110189,18713
256,110216,6280
257,113501,9061
258,113538,37108
259,113552,6071
260,76759,11
261,110367,9587
262,113670,19101
263,110296,49980
264,109731,17961
265,103994,18183
266,110322,4476
267,110443,11008
268,110365,47504
269,107566,32325
270,110391,43742
271,113691,28313
272,110428,11318
273,109836,3036
274,113755,40490
275,110538,24070
276,110516,8986
277,110527,10510
278,113808,17402
279,113896,38722
280,113870,8438
281,110684,11593
282,110638,1945
283,113967,39310
284,117169,109560
285,106402,56428
286,113948,63105
287,110671,131957
288,110632,241
289,110737,9058
290,110729,527
291,114151,18220
292,114069,6950
293,110413,101
294,114113,63020
295,114210,2307
296,110912,680
297,114084,41478
298,105652,25296
299,110889,40156
300,110932,11450
301,114129,30304
302,110963,10452
303,114214,12106
304,114296,161495
305,110907,3586
306,111495,110
307,108394,108
308,111507,109
309,110769,159185
310,114268,36357
311,110965,92769
312,114571,28033
313,111333,22586
314,111112,14334
315,111255,2636
316,111282,2164
317,111070,11395
318,111161,278
319,111149,9905
320,108260,87078
321,106966,12527
322,114594,20306
324,111309,36614
325,113936,27993
326,110081,31439
327,114614,9067
328,114608,9059
329,111280,193
330,114609,25066
331,111454,46797
332,114852,12122
333,114694,11381
334,111590,32636
335,114788,36141
336,114888,95963
337,108550,1587
338,114857,9271
339,114924,2064
340,111667,19855
341,109655,60855
342,110598,236
343,112435,48287
344,109040,3049
345,109045,2759
346,106339,12635
347,104779,10497
348,109348,11382
349,109444,9331
350,109446,10731
351,109484,10464
352,109504,34152
353,109506,9495
354,109450,29973
355,109813,888
356,109830,13
357,109831,712
358,113305,16295
359,110091,48992
360,110093,10879
361,110167,10660
362,110213,10714
363,107472,41647
364,110357,8587
365,107426,1689
366,111686,11596
367,110475,854
368,110478,9359
369,110588,23333
370,110622,36593
371,110771,12280
372,110950,2788
373,105226,10427
374,110989,11011
375,111054,49803
376,110997,8987
377,111257,1637
378,111256,15128
379,111438,8831
380,111503,36955
381,111693,10449
382,111742,10395
383,111756,12160
384,112443,40480
385,110455,52038
386,111048,29444
387,110399,26352
388,112570,39953
389,109454,41580
390,59170,315
391,110186,22067
392,108069,18242
393,111301,11667
394,112702,32502
395,112849,267188
396,113014,28732
397,113043,75555
398,113104,42981
399,113173,278939
400,113319,291731
401,113827,226229
402,114047,203119
403,112889,172923
404,109339,316098
405,110027,8011
406,109785,171857
407,113409,2654
408,109021,18069
409,109035,19092
410,106220,2758
411,111804,38129
412,106226,10436
413,109068,13595
414,109067,46094
415,106292,9409
416,109198,11853
417,109219,16771
418,106379,46924
419,106400,11041
420,109254,306
421,109279,14522
422,109297,26203
423,109303,178
424,109305,19819
425,109306,57834
426,106452,4722
427,106471,18215
428,106489,1607
429,109361,26391
430,106505,117553
431,106519,6075
432,109439,11310
433,109443,18658
434,106582,9350
435,106598,9612
436,109456,2124
437,109480,26261
438,109493,19176
439,106660,49299
440,106673,11566
441,106677,9571
442,106697,9739
443,109729,24257
444,106834,34444
445,106873,26141
446,106332,10997
447,109783,50463
448,106881,10443
449,106880,20239
450,111732,16297
451,106926,18551
452,111712,25440
453,106941,9024
454,106918,37233
455,106965,1634
456,109842,13815
457,106977,5503
458,107004,35588
459,109890,2087
460,109891,41579
461,109913,18620
462,109920,41006
463,107057,4916
464,107076,2019
465,107096,31642
466,107144,9255
467,113674,26271
468,112966,10612
469,107151,2259
470,110064,16097
471,110074,11934
472,110097,106143
473,110123,12475
474,107206,9386
475,107207,7984
476,110137,59930
477,108551,15765
478,110197,31643
479,107286,6
480,107290,329
481,107302,10909
482,110265,507
483,107322,34024
484,110305,29918
485,107362,9593
486,107413,42580
487,110353,22317
488,107468,1413
489,107478,12121
490,107497,2246
491,107501,10502
492,107507,10440
493,107554,9516
494,116253,2320
495,74102,5879
496,111689,83718
497,107616,11971
498,107611,2625
499,107613,31911
500,107614,788
501,107653,21450
502,110657,11231
503,110649,41588
504,110678,10447
505,110687,31586
506,107756,9300
507,107808,9559
508,107818,9800
509,107822,713
510,107840,8291
511,107889,18133
512,111003,25557
513,110939,22588
514,110955,10872
515,107943,1245
516,110971,11858
517,107969,7007
518,111001,10467
519,107978,5550
520,107977,8005
521,107983,2088
522,105275,10412
523,108000,47889
524,108002,14534
525,108026,56583
526,105032,41878
527,108052,424
528,111094,35233
529,108065,14291
530,111102,103413
531,108071,11236
532,111127,11592
533,111143,8850
534,108101,10445
535,108122,695
536,111194,43535
537,111201,12519
538,108149,23210
539,108160,858
540,108162,867
541,83658,78
542,108186,13203
543,108174,10442
544,108238,11074
545,89256,33367
546,108255,9607
547,111323,17585
548,111400,9057
549,108328,20967
550,111418,10635
551,107688,9479
552,108333,10057
553,108358,11969
554,111488,41590
555,108399,319
556,108515,26408
558,110763,15139
559,107779,161158
560,109226,218473
561,110259,85247
562,114906,11446
563,107002,51980
564,109403,24405
565,104029,11655
566,110623,11800
567,107315,8223
568,106408,14587
569,110363,31504
570,107349,41653
571,111709,53185
572,109828,95743
573,107225,23637
574,111252,17600
575,110366,10897
576,106878,349394
577,109120,21352
579,108059,68806
580,110892,37345
581,112651,32562
582,107642,47507
583,109382,25403
584,106678,124304
585,112572,9066
586,99785,771
587,99653,251
588,103639,812
589,103064,280
590,99348,581
591,114706,80350
592,96895,268
593,102926,274
594,29583,408
595,101414,10020
596,32910,10895
597,100405,114
598,110719,41043
599,65214,576
600,110395,15477
601,111752,59146
602,109934,124472
603,112606,30528
604,115978,
605,117247,7300
606,112625,10824
607,106537,261246
608,116282,275
609,116552,25059
610,82509,11827
611,116514,8766
612,117283,23570
613,116684,47333
614,110374,54850
615,70506,51242
616,65421,10112
617,113083,4307
618,118001,46029
619,116165,32308
620,102855,88893
621,107471,52873
623,113839,123505
624,112712,340210
625,90665,44281
626,117891,28121
627,113613,12520
628,117381,1592
629,114305,166901
630,115837,36447
631,115509,19042
632,114671,38884
633,112844,47449
634,114658,36259
635,116275,41852
636,113122,40926
637,117608,9099
638,113448,2021
639,116414,61752
640,116095,10988
641,111543,11479
642,117517,398959
643,117312,287305
644,116485,339428
645,113947,12652
647,115956,10684
648,117060,954
649,109028,68445
650,117071,18989
651,117788,10801
652,112257,54285
653,116136,8840
654,118026,278978
655,117117,124625
656,116168,11107
657,111787,16417
658,112509,70934
659,54189,10363
660,115591,161070
661,116683,10539
662,116287,10543
663,116768,18414
664,116269,47502
665,114787,11902
666,113720,27098
667,112536,25087
668,48473,5801
670,52572,896
671,117128,3065
672,114616,318177
673,117705,2300
674,62711,8069
675,110061,288173
676,140614,187851
678,108181,27768
679,114307,221917
680,58898,8072
681,82206,35797
682,111430,88030
683,107727,185191
684,81759,83857
685,113443,33245
687,109491,124460
688,114048,27281
690,111613,105045
691,117104,40001
692,117688,29621
693,109751,117730
694,117774,20762
695,114736,37144
696,112604,48260
697,116289,12656
698,109593,38867
699,103095,277270
700,112368,25969
701,104046,44103
702,62952,753
703,115742,43634
704,117420,9103
705,115951,90214
706,117784,29649
707,117107,10990
708,117979,8866
709,95776,12233
710,115851,23449
711,116322,36355
712,109374,37667
713,110712,90148
714,112817,922
715,113362,11876
716,73778,52633
717,112546,62364
718,108500,11687
719,117108,9304
720,118114,
721,114103,
722,113270,73183
723,92123,131232
724,115963,9100
725,116448,20759
726,116827,46063
727,114894,365371
728,112701,32513
729,113429,40651
730,125877,
731,116508,36915
732,117260,40507
733,117500,9802
734,116405,25697
735,109592,21588
736,117998,664
737,115624,11867
738,113145,47119
739,116559,
741,113568,9323
742,117894,10280
743,117723,10535
744,112586,124613
745,112691,532
746,40366,26744
747,117768,16299
748,115571,10547
749,31612,245268
750,57012,935
751,103926,55613
752,105737,215107
753,113849,41007
754,113188,35645
755,42644,110465
756,109381,255546
757,109688,40751
758,104606,275096
759,110480,85778
760,108211,11101
761,117331,9826
762,117765,9879
763,116833,63564
764,113280,22621
765,116669,7095
766,116594,26890
767,113211,46732
768,114494,124633
769,116992,
770,38426,
771,94265,202425
772,105201,196940
773,70820,77771
774,84898,181083
775,63715,41225
776,109191,188589
777,114122,87190
778,117951,627
779,118523,32872
780,116629,602
781,117737,14553
782,116277,9566
783,116583,10545
784,115798,9894
785,116778,11543
786,116213,9268
787,113147,52059
788,117218,9327
789,100990,123763
790,111546,81949
791,113610,
792,93199,42005
793,106810,124306
794,111180,183955
795,111237,44535
796,72362,44495
797,103207,78285
798,116040,11228
799,116365,10779
800,116905,26748
801,116493,38223
802,117333,9294
803,118113,49963
804,117628,11363
805,117913,1645
806,115530,31546
807,114266,77056
808,115493,36344
809,116320,18550
810,116756,11511
812,109356,172198
813,116823,34170
814,112568,281085
815,114170,109478
816,117999,124645
818,118073,12606
819,108220,69895
820,49521,35206
821,112746,
822,104403,151489
823,61495,4837
824,110246,12632
825,116164,9098
826,112865,282919
827,112716,124614
828,115472,18975
829,116707,11962
830,116313,2925
831,114550,28628
832,117438,3595
833,116531,9308
834,117332,92381
835,116353,18555
836,115857,12123
837,117008,10830
838,116191,3573
839,115986,10546
840,116571,18862
841,53459,31417
842,117826,9431
843,113695,124619
844,108227,297645
845,111424,48144
846,113080,46986
847,115680,144982
848,117718,47907
849,116225,10061
850,112767,36266
851,115632,549
852,117918,10478
853,104109,66634
854,51980,116690
855,100840,213917
856,107575,145925
857,42054,100914
858,68646,238
859,116536,
860,109255,159
861,104558,11134
862,116985,88224
864,114936,132641
865,114474,42758
866,115736,9303
867,115836,23945
868,101692,37820
869,116745,22479
870,119214,9054
871,116934,241058
872,109066,11985
873,75169,10232
874,113542,59569
875,110693,410921
876,106544,38955
877,116418,110513
878,112607,114089
879,120004,11015
880,116654,9306
881,116311,12559
882,117965,58770
884,114592,124851
885,115725,3587
886,115783,10723
887,120271,56077
888,113596,19004
889,109001,101230
890,94822,253632
891,113253,10987
892,117991,44705
893,117093,20318
894,24252,43596
895,105729,79782
896,111019,26933
897,35896,27854
898,32904,981
899,45152,872
900,43278,2769
901,50419,13320
902,54698,164
903,52357,426
904,47396,567
905,25316,3078
906,36855,13528
907,25164,28288
908,53125,213
909,53604,284
910,53291,239
911,56923,4808
912,34583,289
913,33870,963
914,58385,11113
915,47437,6620
916,46250,804
917,31580,26531
918,37059,909
919,32138,630
920,31381,770
921,84370,31044
922,43014,599
923,33467,15
924,62622,62
925,39428,121357
926,42192,705
927,32143,22490
928,32976,223
929,32484,25670
930,38787,303
931,38109,4174
932,50105,8356
933,48728,381
934,42451,20758
935,45537,29376
936,31725,1859
937,50658,18299
938,51658,17281
939,52126,64382
940,29843,10907
941,32762,32093
942,37008,1939
943,39420,22292
944,29162,3598
945,27125,3080
946,35446,198
947,28010,13562
948,49261,1712
949,48028,220
950,25878,3529
951,32599,3085
952,48960,2897
953,38650,1585
954,31679,3083
955,29947,900
956,34012,43795
957,17350,85638
958,36094,50001
959,25586,43905
960,38300,22688
961,27893,23114
962,32022,26378
963,41509,40206
964,39152,22356
965,26029,260
966,38235,43488
967,36241,22613
968,63350,10331
969,43265,488
970,46414,22733
971,51459,261
972,47162,57575
973,33891,32574
974,29855,22657
975,29588,76464
976,22879,22649
977,27980,176841
979,114007,125587
980,93229,39448
981,118927,52855
982,48491,39940
983,113730,172868
984,117357,85328
985,117669,124632
986,116329,11076
987,118742,63945
988,116442,58985
989,114354,890
990,117011,10861
991,117039,1770
992,117473,44465
993,116635,2033
994,115678,18203
996,116830,9333
997,115847,47260
998,117603,9400
999,115438,9401
1000,115994,12241
1001,83587,25739
1002,116167,161806
1003,116259,11306
1004,116421,9625
1005,116000,10680
1006,115862,6346
1007,72653,18660
1008,47977,35115
1009,72951,14821
1010,64603,14136
1011,71607,10869
1012,50798,22660
1013,55277,19186
1014,54195,31102
1015,107131,6878
1016,53271,15944
1017,54357,18444
1018,59793,20723
1019,46672,173
1020,106611,864
1021,109127,24795
1022,42332,11224
1023,63819,81310
1024,38166,15947
1025,57546,9078
1026,41890,29682
1027,102798,8367
1028,58331,433
1029,33563,11360
1030,76538,11114
1031,66817,12335
1032,43274,12092
1033,82406,10948
1034,116361,11229
1035,59742,15121
1036,95016,562
1037,104692,10163
1038,118044,48862
1039,114597,117036
1040,117582,47199
1041,117589,11159
1042,117887,9591
1043,117924,30500
1044,117791,41843
1045,116928,55058
1046,115640,10938
1047,116908,11412
1049,116409,10586
1050,116913,42314
1051,117958,27845
1052,117400,108365
1053,117202,23223
1054,116404,49471
1055,120107,38153
1056,116722,25147
1057,116242,9716
1058,115600,43777
1059,117509,454
1060,117802,10218
1061,117665,819
1062,117781,38191
1063,116714,56830
1064,115491,11238
1065,43140,27256
1066,29546,31530
1067,28757,66473
1068,39286,28120
1069,37101,1834
1070,44863,26282
1071,109823,37218
1073,67992,252
1075,111622,116356
1076,55018,16372
1077,70707,11561
1078,66808,11302
1079,95159,623
1080,79470,583
1081,84865,12614
1082,68334,21711
1083,59243,11575
1084,61418,475
1085,52027,11331
1086,46912,521
1087,113731,21202
1088,92890,88
1089,105236,500
1090,91763,792
1091,98627,8491
1092,103772,402
1093,101761,10537
1094,104036,11386
1095,104348,9504
1096,84707,15764
1097,83866,601
1098,117577,67365
1099,29992,25842
1100,99371,2119
1101,92099,744
1102,115531,136311
1103,48545,221
1104,44081,702
1105,115885,25750
1106,116859,17642
1107,102336,
1109,115870,
1110,115684,146341
1111,117040,9305
1112,117284,37616
1113,115580,11112
1114,116378,21612
1115,114472,141210
1116,113057,102461
1117,116581,36998
1118,114622,200383
1119,112907,116844
1120,117318,1630
1121,116422,26626
1122,114147,
1123,117320,124837
1124,82846,11816
1125,72081,11843
1126,101775,10379
1127,96754,2756
1128,80749,790
1129,82340,1103
1130,82533,11298
1131,91288,4480
1132,91480,4481
1133,111357,
1134,107274,49688
1135,81375,10765
1136,71853,762
1137,116587,44497
1138,112777,85588
1139,116245,278621
1140,116212,99479
1141,113328,
1142,116403,
1143,117968,55049
1144,116886,124829
1145,117677,79306
1146,112759,356054
1147,118147,10548
1148,108598,531
1149,110173,104931
1150,84589,4483
1151,109781,18919
1152,40427,31556
1153,40723,26167
1154,39881,26174
1155,92281,
1156,34493,61461
1157,39004,117500
1158,26465,218713
1159,26656,217802
1160,25799,127973
1161,78875,659
1162,69198,30892
1163,110521,86369
1164,60304,8074
1165,115715,124676
1166,113031,
1167,116059,38554
1168,115610,49763
1169,99028,41326
1170,112483,36555
1171,103850,10608
1172,95765,11216
1173,97108,7452
1174,109942,64567
1175,101700,892
1176,101765,1600
1177,101811,26561
1178,50825,975
1179,99703,18129
1180,102014,54405
1181,120121,150823
1183,116209,409
1184,102426,38251
1185,97937,10161
1186,98724,1412
1187,105107,41768
1188,105488,10409
1189,96257,14285
1190,101026,2469
1191,102370,10174
1192,100332,31225
1193,73486,510
1194,78446,11455
1196,80684,1891
1197,93779,2493
1198,82971,85
1199,88846,68
1200,90605,679
1201,60196,429
1202,94336,13446
1203,50083,389
1204,56172,947
1206,66921,185
1207,56592,595
1208,78788,28
1209,64116,335
1210,86190,1892
1211,93191,144
1212,41959,1092
1213,99685,769
1214,78748,348
1215,106308,766
1216,95250,175
1217,89881,11645
1218,97202,10835
1219,54215,539
1220,80455,525
1221,71562,240
1222,93058,600
1223,104361,530
1224,97499,10705
1225,86879,279
1226,45061,3109
1227,87843,311
1228,81398,1578
1230,75686,703
1231,86197,9549
1232,79944,1398
1233,82096,387
1234,70735,9277
1235,67185,343
1236,103130,37291
1237,50976,490
1238,85859,11235
1240,88247,218
1241,103873,763
1242,97441,9665
1243,100519,18971
1244,79522,696
1245,100150,379
1246,97165,207
1247,61722,37247
1248,52311,1480
1249,100263,9322
1250,50212,826
1251,56801,422
1252,71315,829
1253,43456,828
1254,40897,3090
1255,92610,9964
1256,23969,3063
1257,88794,13667
1258,81505,694
1259,92005,235
1260,22100,832
1261,92991,765
1262,57115,5925
1263,77416,11778
1264,82269,4485
1265,107048,137
1266,105695,33
1267,56218,982
1268,100436,8428
1269,36613,212
1270,88763,105
1271,101921,1633
1272,66206,11202
1273,90967,1554
1274,94625,149
1275,91203,8009
1276,61512,903
1277,99334,11673
1278,72431,3034
1279,102536,339
1280,101640,10404
1281,32553,914
1282,32455,756
1283,44706,288
1284,38355,910
1285,97493,2640
1286,81534,16633
1287,52618,665
1288,88258,11031
1289,85809,11314
1290,94006,15143
1291,97576,89
1292,78841,10322
1293,83987,783
1295,96332,10644
1296,91867,11257
1297,89886,14370
1298,84503,12104
1299,87553,625
1300,89606,8816
1301,49223,830
1302,97351,2323
1303,73341,983
1304,64115,642
1305,87884,655
1306,101458,10341
1307,98635,639
1308,113369,266022
1309,114089,168450
1310,116589,30180
1311,117550,31388
1312,116293,41801
1313,116953,66034
1314,115754,348138
1315,114093,96288
1316,115548,
1317,116601,61536
1318,112537,18762
1319,107314,331367
1320,103644,8077
1321,82010,814
1322,103678,41671
1323,85159,27214
1324,115535,52263
1325,106262,33519
1326,83550,16235
1327,78767,11449
1328,99030,41848
1329,71233,25944
1330,90655,24913
1331,75704,49126
1332,92632,32076
1333,56869,571
1334,51418,8851
1335,82083,37843
1336,101492,32146
1337,37549,30346
1339,103874,6114
1340,26138,229
1341,74258,13549
1342,103919,9529
1343,101540,1598
1344,55824,11349
1345,74285,7340
1346,83722,6217
1347,87800,377
1348,13442,653
1349,91651,28198
1350,75005,794
1351,115710,31640
1352,115495,8744
1353,117057,25189
1354,115751,145
1355,119791,2212
1356,117731,199
1357,117631,7863
1358,117666,12498
1359,116705,9279
1360,84116,53234
1361,117293,17204
1363,117372,21539
1364,113557,85589
1365,117477,12709
1366,115988,20539
1367,115433,11674
1368,42354,199512
1369,110171,64900
1370,99423,1573
1371,79945,152
1372,102975,174
1373,98382,172
1374,84726,154
1375,88170,157
1376,92007,168
1377,103776,364
1378,96487,11967
1379,100994,9086
1380,77631,621
1381,84021,9037
1382,100114,10173
1383,115471,55687
1384,117773,168535
1385,105690,8845
1386,52287,46681
1387,73195,578
1388,77766,579
1389,85750,17692
1390,117119,17795
1391,116996,75
1392,115906,13891
1393,116695,9390
1394,93822,378
1395,94155,10896
1396,105435,2322
1397,115633,41240
1398,116621,26949
1399,116999,9819
1400,117691,49799
1401,116410,31908
1404,119783,46027
1405,115641,3179
1406,112769,1802
1407,117571,4232
1408,104691,9361
1409,117038,2928
1410,116240,30285
1411,116477,10549
1412,117690,58102
1413,118163,18451
1414,117091,27265
1415,118100,49935
1416,116250,8818
1417,117364,36758
1419,67959,36040
1420,117028,74239
1421,113212,
1422,119731,9415
1423,116506,55146
1424,116640,303693
1425,119115,12145
1426,120550,42424
1427,120390,34314
1428,112362,2892
1429,116704,9404
1430,120414,85242
1431,118708,9622
1432,119664,8860
1433,110425,197537
1434,123281,
1436,80714,66597
1437,106535,14832
1438,118928,9619
1439,119644,40506
1440,106266,31000
1441,106387,4104
1442,119937,26306
1443,117907,203829
1444,109949,43775
1445,119640,14908
1446,116790,784
1447,119225,12489
1448,116310,168283
1449,118111,16448
1450,116754,55936
1453,118691,17894
1454,120238,28059
1455,116565,58911
1456,119887,17949
1457,119141,1968
1458,120357,61563
1459,118548,66
1460,120317,20735
1461,120434,11419
1462,118042,333165
1463,120318,25796
1464,116922,638
1465,120036,25624
1466,119008,9366
1467,117544,60083
1468,118750,21915
1470,120014,90928
1471,118762,50091
1472,118859,18420
1473,118702,19952
1474,119432,9446
1475,116743,28005
1476,119951,9403
1477,119572,27322
1479,120053,10003
1480,120152,9311
1482,118064,11844
1483,115964,884
1484,116041,49806
1485,119528,1624
1486,117422,88423
1487,120094,16052
1488,118972,4477
1489,118829,24662
1490,118663,18423
1493,116931,76996
1495,120389,6499
1496,118623,50512
1497,119013,9405
1498,119381,12723
1499,118615,9360
1500,119229,9434
1501,116762,118991
1502,116783,21626
1503,118541,13982
1504,113314,93946
1507,119859,77223
1508,120366,31465
1509,118586,12793
1510,118783,102878
1511,117050,105763
1513,120032,9611
1514,116295,47694
1515,120461,10357
1516,115886,9977
1517,118655,816
1518,118771,2163
1519,115760,124680
1520,115927,16399
1522,117482,124843
1523,120383,31017
1524,105660,24645
1525,120479,49478
1526,119109,12499
1527,119116,18
1528,116643,68545
1529,119809,1811
1531,116920,109614
1532,120190,60082
1533,117398,105045
1534,58985,53023
1535,119578,64802
1537,117615,11239
1538,120087,50850
1539,120394,15321
1541,118556,2058
1542,115744,9450
1543,118964,125021
1544,119567,330
1545,117359,38523
1546,117561,16375
1547,120118,33660
1548,118117,59232
1549,114303,45671
1550,120373,17770
1551,118787,15170
1552,118880,1701
1553,116834,201445
1554,114134,26422
1555,112951,124642
1556,120179,1639
1557,117724,49235
1558,117775,106129
1559,113968,291634
1561,118127,107743
1562,118688,415
1563,119019,47686
1564,120034,65889
1565,116502,11103
1566,119282,11970
1567,119502,34941
1568,116949,407992
1569,119738,8874
1570,105569,17991
1571,115856,11956
1572,57345,266
1573,119094,754
1574,119098,37567
1575,116384,43771
1577,117076,124834
1578,113425,249358
1579,116334,111367
1580,119654,607
1581,119848,18080
1582,120512,38225
1583,120133,17834
1584,118884,686
1585,116930,65046
1586,119173,4421
1587,82198,9387
1588,119190,10603
1589,118887,2142
1590,119081,8413
1591,120177,10336
1592,118570,20737
1593,119896,9413
1594,119361,14585
1595,119152,18519
1596,118818,49462
1597,118883,8834
1598,118966,9458
1599,120207,8854
1600,120112,38295
1601,119311,22073
1602,119509,37244
1603,119675,4961
1604,119695,9416
1605,119086,26180
1606,119484,17832
1608,118571,9772
1609,118531,6072
1610,99810,1669
1611,102494,468
1612,119465,32519
1613,120197,108401
1614,119360,10806
1615,119051,9433
1616,119874,6623
1617,119488,2118
1619,120102,978
1620,119468,9437
1621,120169,29461
1622,119457,56651
1623,120524,10351
1624,120323,66588
1625,119174,2649
1626,119123,14289
1627,120399,10155
1628,119557,75250
1629,119632,20457
1630,123953,
1631,118647,18355
1632,120151,33657
1633,120402,55306
1635,119349,68924
1636,120192,36434
1639,118842,2255
1640,119326,28353
1641,119164,9427
1642,116631,172545
1643,119280,17589
1644,119345,3597
1645,118971,1813
1646,120029,36797
1647,119906,12628
1648,119324,33344
1649,119107,25099
1650,120481,45019
1651,120303,63437
1652,120539,62422
1653,119177,782
1654,119095,29911
1655,119891,9827
1656,120257,1959
1657,120529,251481
1658,119535,8067
1659,119338,125052
1660,119080,45153
1661,119210,10871
1662,118900,14398
1663,83131,10890
1664,117221,99002
1665,118689,1281
1666,119327,32332
1667,119592,9770
1668,119832,12616
1669,120275,34838
1670,120490,14905
1671,119527,14583
1672,119978,11975
1673,118749,4995
1674,90329,9281
1675,119365,45928
1676,120201,563
1677,118901,61337
1678,107282,19931
1679,118836,31535
1680,120148,10215
1681,119707,9823
1682,120382,37165
1683,120520,45609
1684,119723,38904
1685,116592,45565
1686,119994,9407
1687,119395,4824
1688,118617,9444
1689,120483,9414
1690,118583,8078
1692,112318,29938
1693,118607,11831
1694,118632,2895
1695,123385,39177
1696,118698,19601
1697,109266,124606
1698,118764,42832
1699,118804,22797
1701,118954,2639
1702,119137,9574
1703,119142,10371
1704,119217,489
1705,116465,167738
1706,116490,293820
1707,119303,9714
1708,119352,102406
1709,130073,
1710,116976,170430
1711,119668,8197
1713,119715,6283
1714,117167,279698
1715,119819,49728
1716,119845,64562
1717,120082,4233
1718,120222,191874
1719,120255,10217
1720,128755,
1721,120338,597
1722,120347,714
1723,117994,52537
1724,118230,12799
1725,119052,62394
1726,119925,9922
1727,119314,547
1728,120521,25994
1729,119396,184
1730,119485,9746
1731,119718,9438
1732,118715,115
1733,118566,26941
1734,119590,27103
1735,119223,9410
1738,120881,
1739,118539,32302
1740,119655,216794
1742,119988,88863
1743,129758,154821
1744,120670,41417
1746,120820,12538
1747,120885,586
1748,118929,2666
1749,116845,46338
1750,120478,54007
1752,120696,11258
1753,120693,9490
1754,119099,9411
1755,120122,25719
1756,118643,9033
1757,112913,11220
1759,119815,21253
1760,120185,6116
1762,118956,9457
1764,128690,281289
1765,119521,43911
1767,119734,39424
1768,119711,44361
1769,120008,11702
1770,120594,2923
1771,119784,12238
1772,118747,11568
1773,114690,41577
1774,133090,
1776,120707,66894
1777,120888,11003
1779,120184,10153
1780,118662,49645
1781,116379,47112
1782,119548,102732
1783,120782,30949
1784,119822,2898
1785,99939,9558
1787,145302,83593
1788,119656,320011
1789,114322,
1791,119594,26269
1792,120873,11808
1793,120491,6970
1794,119574,47452
1795,112619,18205
1796,140282,36943
1797,120661,21736
1798,118744,17941
1799,120241,10668
1801,120744,9313
1804,120769,42807
1805,120890,617
1806,125454,36568
1807,120642,37272
1809,119250,5910
1810,119942,9440
1811,119780,53092
1812,120510,32911
1814,120793,44308
1815,119049,124821
1816,124179,32456
1817,119560,93350
1819,120219,62695
1820,120108,32144
1821,120772,17127
1822,120645,40688
1824,119305,17133
1825,119905,19848
1826,120598,17644
1827,124295,1774
1829,118851,30265
1830,119139,
1831,120738,2157
1832,119272,70581
1833,120749,8838
1834,120176,29193
1835,120632,795
1836,120728,16980
1837,120773,27472
1839,120765,47881
1840,124718,9469
1841,119196,12488
1842,118229,98499
1843,120213,81367
1844,118819,267
1845,120906,16148
1846,119792,21252
1848,118755,9449
1849,119947,6264
1850,130019,90414
1851,119508,188870
1852,118727,215373
1853,118577,78149
1854,120723,15513
1855,120725,31220
1856,138563,13907
1857,119987,29825
1858,117786,10622
1859,120265,30020
1860,119448,17139
1861,118785,34582
1862,120841,10216
1863,120742,9771
1864,120838,24560
1865,141986,76330
1866,120609,9448
1867,120856,38618
1869,120610,18316
1870,118925,78373
1871,119952,77514
1872,113184,49474
1873,119683,4415
1874,120211,39467
1875,118866,55561
1876,120647,8656
1877,145048,209345
1878,120531,58680
1879,125128,35161
1880,119506,35796
1881,120800,18937
1882,120685,929
1883,118798,9452
1884,120669,1878
1885,120777,9844
1886,131436,40505
1887,119053,14342
1888,119313,9715
1889,119375,26610
1890,119547,20064
1891,120401,40961
1892,120787,1965
1893,116692,312
1894,120828,6068
1895,127723,15037
1896,118894,50043
1897,139362,37636
1898,119494,17044
1899,125980,60951
1900,118849,21334
1901,150290,416437
1902,116141,32284
1903,126938,51955
1904,122529,37410
1905,143614,47481
1906,119717,53765
1907,120762,10674
1908,140508,136134
1909,120902,846
1910,126344,12655
1911,118998,3050
1912,120780,1389
1913,73540,11020
1914,120321,20862
1915,120443,108548
1916,118789,9464
1917,120591,95
1918,122151,944
1919,123987,35680
1920,122718,11551
1921,138704,473
1922,140688,102304
1923,129387,544
1924,52077,10513
1925,18578,28966
1926,19729,65203
1927,20629,143
1928,21746,42861
1929,22958,33680
1930,23876,56164
1931,26752,12311
1932,27698,43277
1933,29146,43278
1934,30993,34106
1935,33729,43266
1936,35093,27367
1937,36872,17661
1938,37884,28580
1939,36868,887
1940,39416,33667
1941,40416,23383
1942,41113,25430
1943,44672,27191
1944,45793,11426
1945,47296,654
1946,48356,15919
1947,55614,1725
1948,57590,5769
1949,60665,874
1950,61811,10633
1951,63385,17917
1952,64665,3116
1953,67116,1051
1954,75148,1366
1955,79417,12102
1956,81283,16619
1957,82158,9443
1958,86425,11050
1959,89755,606
1960,93389,746
1961,95953,380
1962,97239,403
1963,65063,11485
1964,67309,466
1965,87995,13820
1966,100142,15389
1967,91369,13597
1968,88847,2108
1969,89686,10014
1970,93629,10072
1971,95742,10131
1972,97981,10160
1973,101917,11284
1974,80761,4488
1975,82418,9725
1976,83972,9728
1977,87298,9730
1978,89173,9731
1979,91080,10225
1980,95179,10281
1981,97388,10283
1982,77651,948
1983,82495,11281
1984,85636,10676
1985,95271,11357
1986,97474,11361
1987,81383,36599
1988,93176,39929
1989,98136,41828
1990,105179,41769
1991,94862,10585
1992,99253,11186
1993,103956,11187
1994,84516,609
1995,91778,11133
1996,95889,10306
1997,70047,9552
1998,76009,11586
1999,99528,11587
2000,93409,941
2001,97733,942
2002,104714,943
2003,87363,927
2004,99700,928
2005,89218,9340
2006,120746,9342
2007,119910,38509
2008,117898,60033
2009,70723,12101
2010,17136,19
2011,96874,165
2012,99088,196
2013,69113,551
2014,76054,16084
2015,54594,17984
2016,78790,22328
2017,54649,32611
2018,34492,3170
2019,47478,346
2020,94947,859
2021,87182,841
2022,95497,11051
2023,99674,242
2024,102757,1411
2025,119558,9769
2026,134619,9424
2027,120741,9835
2028,120815,857
2029,137386,17539
2030,119007,44322
2031,66728,22777
2032,66811,20173
2033,88814,10957
2034,78869,9570
2035,62737,16249
2036,109287,13962
2037,75807,14612
2038,77305,19378
2039,97053,65157
2040,65566,29228
2041,82199,19379
2042,109520,11164
2043,52722,18887
2044,82263,40866
2045,106868,24736
2046,91059,10122
2047,61715,24816
2048,91149,9994
2049,61749,25445
2050,80861,12129
2051,76137,14140
2052,107120,10439
2053,104437,11158
2054,97523,9354
2055,77698,28736
2056,56095,34774
2057,57180,37969
2058,120768,9631
2059,120783,9820
2060,131857,14013
2061,119165,36606
2062,120687,96196
2063,124115,98505
2064,98213,1779
2065,89853,10849
2066,39689,678
2067,59113,907
2068,83922,5961
2069,90203,47908
2070,86423,42121
2071,106273,2887
2072,96734,11974
2073,89126,20348
2074,71910,26648
2075,82736,11911
2076,90756,793
2077,89385,35144
2078,61852,9325
2079,53994,43037
2080,48280,10340
2081,97757,10144
2082,104868,10414
2083,104940,10437
2084,104990,15300
2085,55254,12230
2086,89731,13380
2087,46183,10693
2088,81353,11335
2089,100477,11135
2090,76618,11319
2091,78158,14822
2092,107952,15969
2093,89908,13155
2094,102803,10249
2095,75200,15943
2096,53285,10882
2097,86336,24808
2098,57518,19762
2099,38969,13850
2100,88161,2619
2101,111271,65158
2102,19422,53565
2103,111359,41841
2104,84783,27332
2105,84827,97
2106,108265,10419
2107,120694,11675
2108,102250,2107
2109,79367,6471
2110,83798,9442
2111,85894,11591
2112,101969,13697
2113,99697,19158
2114,86066,227
2115,87469,87
2116,77869,123
2117,87803,9314
2118,85407,11336
2119,91499,9980
2120,107665,10657
2121,85382,10489
2122,87050,10823
2123,96787,11497
2124,101272,2907
2125,120631,9454
2126,120832,8688
2127,128214,118452
2128,120813,16155
2129,120056,48894
2130,80388,23954
2131,77711,12761
2132,61184,396
2133,92513,14367
2134,90305,11814
2135,61584,16081
2136,57372,18331
2137,70016,15171
2138,78480,11837
2139,84649,11704
2140,83791,11639
2141,90633,4978
2142,101329,10380
2143,89469,11976
2144,88128,15144
2145,91790,11522
2146,90060,11557
2147,90848,13853
2148,91223,11415
2149,93220,37530
2150,80801,8393
2151,97443,11937
2152,140796,21661
2153,118661,9320
2154,120703,33644
2155,120831,14662
2156,133413,125124
2157,129923,115872
2158,116516,39930
2159,99763,10692
2160,63522,805
2161,88323,34584
2162,100240,34636
2163,80391,2182
2164,94077,28070
2165,119517,77469
2166,124595,10278
2167,120611,36647
2168,120576,17915
2169,118301,14557
2170,120901,9417
2171,119778,41469
2172,120692,19381
2173,95709,34637
2174,94721,4011
2175,119033,161795
2176,40746,1580
2177,74512,5854
2178,68611,573
2179,65112,2370
2180,61107,5780
2181,58329,506
2182,51207,22527
2183,49470,574
2184,48750,11219
2185,45897,30159
2186,44079,845
2187,42994,1978
2188,120577,3682
2189,119346,51942
2190,123324,46702
2191,119453,54795
2192,139564,46748
2193,96446,847
2194,94226,117
2195,120654,14577
2196,120724,37498
2197,119125,38621
2198,139468,59138
2199,119892,28047
2200,42004,4175
2201,39694,31667
2202,37017,13321
2203,36342,21734
2204,35279,31997
2205,33922,24197
2206,34248,11462
2207,31505,31995
2208,30341,940
2209,29811,2762
2210,28212,12684
2211,28231,2761
2212,25452,8208
2213,24747,52907
2214,23285,15007
2215,23395,36049
2216,22395,52748
2217,20852,75793
2218,21015,47695
2219,21165,31930
2220,20142,20213
2221,19702,543
2222,18756,36054
2223,18876,143750
2224,17825,52782
2225,17843,36055
2226,18328,36056
2227,17075,2760
2229,16230,64398
2230,133361,
2231,128442,10220
2232,123755,431
2233,118980,31641
2234,165857,223318
2235,120775,69848
2236,124879,22796
2237,119934,22256
2238,75040,37550
2239,73817,37916
2240,81207,21873
2241,85346,21500
2242,87359,84116
2243,92699,12626
2244,92537,37818
2245,96463,3525
2246,96166,129628
2247,95593,2321
2248,98258,2028
2249,100212,16384
2250,100134,91217
2251,101530,77314
2252,104412,10699
2253,105629,11597
2254,82172,218624
2255,84938,47947
2256,84472,48311
2257,87810,44772
2258,87690,
2259,86973,14347
2260,92225,41090
2261,91680,18282
2262,90583,18169
2263,96073,11082
2264,98625,5971
2265,102558,11933
2266,101523,20096
2267,102469,30815
2268,104257,881
2269,107211,4478
2270,109390,
2271,120788,22318
2272,120776,53113
2273,120812,2109
2274,113658,122289
2275,118736,24746
2276,120835,72987
2277,120162,193103
2278,122690,8195
2279,146336,9877
2280,118863,26618
2281,119802,21132
2282,126604,11855
2283,100594,24016
2284,109206,14785
2285,63850,14794
2286,80731,3486
2287,47573,11071
2288,84787,1091
2289,105151,10403
2290,81554,11337
2291,99487,162
2292,117276,25723
2293,144604,73351
2294,120587,8916
2295,120823,28134
2296,120770,9429
2297,120889,12159
2298,124102,27791
2299,52607,43106
2300,63462,30197
2301,82517,10156
2302,104952,10377
2303,73440,3121
2304,119577,4975
2305,139615,37532
2306,120701,9713
2307,122642,134368
2308,69966,85837
2309,141824,1039
2310,119670,9821
2311,86837,4437
2312,90830,1890
2313,80678,1955
2314,120603,39437
2315,144120,11932
2316,120791,6435
2317,119534,108316
2318,147612,10683
2319,119986,63709
2320,118636,9445
2321,120789,2657
2322,120157,9425
2323,150230,32326
2324,118799,637
2325,124819,8675
2326,143874,125762
2327,100740,20701
2328,120877,9945
2329,120586,73
2330,116481,18603
2331,120722,46889
2332,158493,12888
2333,120684,3033
2334,133952,9882
2335,120484,10663
2336,127536,4518
2337,120879,1808
2338,130018,3600
2339,155753,17037
2340,119643,297
2341,120643,5332
2342,116488,21589
2343,120767,8336
2344,89941,11893
2345,90934,123056
2346,73747,12223
2347,87932,32081
2348,91954,14924
2349,91538,10002
2350,99750,41817
2351,50783,19426
2352,85244,12560
2353,120660,9798
2354,134067,14444
2355,120623,9487
2356,120533,9466
2357,140888,666
2358,120070,2042
2359,166396,10162
2360,154420,309
2361,69089,692
2362,45826,24018
2363,47034,1678
2364,87344,39256
2365,56142,1680
2366,24216,244
2367,74751,10730
2368,91344,31947
2369,89017,8130
2370,89087,11532
2371,89155,9749
2372,97366,14628
2373,89893,9626
2374,91159,13698
2375,91541,10466
2376,90264,707
2377,89489,11954
2378,87928,9336
2379,89822,10157
2380,91777,12118
2381,93756,10587
2382,95882,11825
2383,98105,11895
2384,120595,9447
2385,119304,12257
2386,165494,37536
2387,124198,10029
2388,119248,27104
2389,155975,11252
2390,147004,8545
2391,120324,10223
2392,141109,9745
2393,120844,200
2394,120794,9837
2395,128445,11545
2396,138097,1934
2397,87688,110643
2398,39628,11881
2399,89961,13764
2400,98115,24951
2401,89767,8879
2402,89880,1369
2403,83944,1368
2404,95956,1370
2405,89370,10303
2406,88011,9326
2407,88933,10328
2408,94890,11285
2409,79817,1367
2410,84602,1371
2411,89927,1374
2412,100507,1375
2413,88930,15196
2414,90357,11904
2415,92173,215875
2416,90685,15596
2417,91188,13818
2418,91653,29968
2419,91024,44326
2420,87538,1885
2421,91326,8856
2422,97647,10495
2423,97958,5825
2424,128853,9489
2425,120706,16885
2426,120861,76857
2427,120863,8741
2428,133751,9276
2429,120751,9822
2430,41650,39314
2431,129290,10312
2432,120686,9441
2433,120633,9422
2434,142231,125582
2435,119336,24525
2436,120857,10368
2437,120514,11365
2438,144546,140897
2439,118564,31662
2440,127722,36136
2441,120699,1363
2442,150915,46992
2443,145734,825
2444,120391,22913
2445,132512,15556
2446,120710,28902
2447,139699,14709
2448,120458,9423
2449,93072,14443
2450,91225,10658
2451,93075,6917
2452,99636,40729
2453,90768,24086
2454,51622,11815
2455,91064,9426
2456,97368,10344
2457,91875,15698
2458,90660,2620
2459,72271,30497
2460,92076,16337
2461,99994,25018
2462,110978,16780
2463,91877,12151
2464,92112,25438
2465,90917,33278
2466,90710,274253
2467,91605,192
2468,91306,10945
2469,91738,10013
2470,90555,9671
2471,92493,9396
2472,92105,11038
2473,91991,12278
2474,90863,11873
2475,90567,18588
2476,91187,10015
2477,91055,12715
2478,92086,8388
2479,120683,45712
2480,119773,6187
2481,151691,8129
2482,149151,1618
2483,112922,10722
2484,120095,296543
2485,160862,10314
2486,138279,125548
2487,163984,47139
2488,54167,11167
2489,152548,170187
2490,120784,2112
2491,145893,16172
2492,138987,111794
2493,128133,9524
2494,174852,20595
2495,70544,16306
2496,124298,11622
2497,139462,10207
2498,120764,9849
2499,119207,82865
2500,155776,18892
2501,132477,13466
2502,151804,1542
2503,156901,43978
2504,137338,15256
2505,134273,8224
2506,123209,18417
2507,120618,12479
2508,181322,15031
2509,119054,15209
2510,134948,26425
2511,70334,1847
2512,84390,42113
2513,98084,8913
2514,105128,10906
2515,106557,25748
2516,109415,25749
2517,85333,8769
2518,84412,14742
2519,51744,15856
2520,65377,10671
2521,71110,27932
2522,75648,7227
2523,76636,10670
2524,72308,5919
2525,80354,33518
2526,79550,40160
2527,70909,2362
2528,74812,10803
2529,63442,871
2530,65462,1685
2531,69768,1705
2532,68408,1688
2533,67065,1687
2534,77189,166680
2535,71455,11123
2536,78740,29723
2537,78856,31638
2538,175550,113286
2539,122933,9535
2540,142192,9455
2541,139134,796
2542,120735,100
2543,127288,47501
2544,157208,77936
2545,159696,84586
2546,120646,30943
2547,125778,107946
2548,144814,7341
2549,131646,10350
2550,57129,11772
2551,94964,9540
2552,107626,31503
2553,54443,11773
2554,56931,30202
2555,118665,22345
2556,120859,53685
2557,157016,1567
2558,141098,1641
2559,160429,47288
2560,129332,10212
2561,139668,10354
2562,118682,11526
2563,118892,8583
2564,116192,123728
2565,49408,16520
2566,187819,16508
2567,131369,11374
2568,120757,16379
2569,122906,125123
2570,120613,28029
2571,133093,603
